<mujoco>
    <actuator>
        <velocity class="panda" name="actuator1" joint="joint1" kv='100'/>
        <velocity class="panda" name="actuator2" joint="joint2" kv='100'/>
        <velocity class="panda" name="actuator3" joint="joint3" kv='100'/>
        <velocity class="panda" name="actuator4" joint="joint4" kv='100'/>
        <velocity class="panda" name="actuator5" joint="joint5" kv='100'/>
        <velocity class="panda" name="actuator6" joint="joint6" kv='100'/>
        <velocity class="panda" name="actuator7" joint="joint7" kv='100'/>
    </actuator>
</mujoco>